date,title,image,link
2024-05-10,习近平结束访欧之行，为何选择这三个国家？节目全长,https://ichef.bbci.co.uk/ace/ws/660/cpsprodpb/5315/production/_133296212_p0hx88xf.jpg,https://www.bbc.com/zhongwen/simp/chinese-news-68991632
2024-05-10,中国国内旅游火爆，但为什么外国人望而却步,https://ichef.bbci.co.uk/ace/ws/660/cpsprodpb/4299/production/_133294071_b5f581cd-33a1-4c8b-8786-09e9b6b3c08c.jpg,https://www.bbc.com/zhongwen/simp/chinese-news-68988604
2024-05-10,台湾街头访问：为什么越来越多人想要“永远维持现状”？节目全长,https://ichef.bbci.co.uk/ace/ws/660/cpsprodpb/C24B/production/_133293794_7cb7fa4f-ae81-4a29-8db6-cb8eef5bf682.jpg,https://www.bbc.com/zhongwen/simp/chinese-news-68963710
2024-05-09,习近平访塞尔维亚：欧洲首个“命运共同体”的战略意义与特殊地位,https://ichef.bbci.co.uk/ace/ws/660/cpsprodpb/E676/production/_133289985_gettyimages-2151447758.jpg,https://www.bbc.com/zhongwen/simp/world-68974813
2024-05-09,拜登搬出杀手锏阻以色列进攻拉法，威胁停供部分武器,https://ichef.bbci.co.uk/ace/ws/660/cpsprodpb/4D9C/production/_133286891_8f42633fcce23338f91d6f82f517e6a2ca7319f5.jpg,https://www.bbc.com/zhongwen/simp/world-68982222
2024-05-07,习近平访法：高规格接待、两重压力与“分化欧洲”,https://ichef.bbci.co.uk/ace/ws/660/cpsprodpb/11B46/production/_133281527_whatsubject.jpg,https://www.bbc.com/zhongwen/simp/world-68970372
2024-05-07,加沙战争：哈马斯求和后以军攻入拉法，内塔尼亚胡面临艰难选择,https://ichef.bbci.co.uk/ace/ws/660/cpsprodpb/B78B/production/_133278964_whatsapp_image_2024-05-07_at_07.51.36.jpg,https://www.bbc.com/zhongwen/simp/world-68968474
2024-05-07,俄乌战争：调查可能已流入欧洲战场的朝鲜导弹,https://ichef.bbci.co.uk/ace/ws/660/cpsprodpb/8E2B/production/_133259363_thumbnailnewnorth_korea_weapons_to_russia_976x549_index_v2promo.png,https://www.bbc.com/zhongwen/simp/world-68961164
2024-05-06,香港零售餐饮复苏乏力旺角玩具小店老板忍痛关店节目全长,https://ichef.bbci.co.uk/ace/ws/660/cpsprodpb/12333/production/_133274547_p0hw8ms5.jpg,https://www.bbc.com/zhongwen/simp/chinese-news-68963757
2024-05-06,以色列关停境内半岛电视台突袭办事处节目全长,https://ichef.bbci.co.uk/ace/ws/660/cpsprodpb/C839/production/_133275215_p0hw9n34.jpg,https://www.bbc.com/zhongwen/simp/world-68964805
2024-05-05,观察：习近平访欧为何选择法国、匈牙利和塞尔维亚,https://ichef.bbci.co.uk/ace/ws/660/cpsprodpb/89FF/production/_133272353_gettyimages-902896668.jpg,https://www.bbc.com/zhongwen/simp/world-68935469
2024-05-03,水炮冲突后军演涉足南海争议岛屿，美菲“肩并肩”能抗衡中国吗？,https://ichef.bbci.co.uk/ace/ws/660/cpsprodpb/22F2/production/_133264980_9a85afce0a8af9db1ad38b0ac1be9a151f1c28f0.jpg,https://www.bbc.com/zhongwen/simp/world-68949520
2024-05-03,“茶壶”式炼油厂、黑暗船队到小银行，中国被指助伊朗规避石油禁运,https://ichef.bbci.co.uk/ace/ws/660/cpsprodpb/F362/production/_133260326_gettyimages-2149652711-1.jpg,https://www.bbc.com/zhongwen/simp/world-68948355
2024-05-03,巴勒斯坦男孩在西岸地区被射杀以军被指可能犯下战争罪,https://ichef.bbci.co.uk/ace/ws/660/cpsprodpb/8882/production/_133264943_1.png,https://www.bbc.com/zhongwen/simp/world-68948354
2024-05-02,气候改变危机下尼泊尔藏人如何挺身而出保护寺庙及当地文化,https://ichef.bbci.co.uk/ace/ws/660/cpsprodpb/2392/production/_133260190_p0htxssn.jpg,https://www.bbc.com/zhongwen/simp/world-68941992
2024-05-02,北京车展：全球电动汽车大战，中国正在领先吗？节目全长,https://ichef.bbci.co.uk/ace/ws/660/cpsprodpb/DE3F/production/_133259865_p0hvj3wk.jpg,https://www.bbc.com/zhongwen/simp/business-68941830
2024-05-02,信息“铁幕”：俄罗斯人眼中的世界节目全长,https://ichef.bbci.co.uk/ace/ws/660/cpsprodpb/6852/production/_133260762_p0hvkh81.jpg,https://www.bbc.com/zhongwen/simp/world-68942927
2024-05-01,币安创始人赵长鹏在美国被判个月监禁,https://ichef.bbci.co.uk/ace/ws/660/cpsprodpb/1169D/production/_133252317_e86a04929eaf112103f66f5625c48715e06cb3910_306_3533_19881000x563.jpg,https://www.bbc.com/zhongwen/simp/business-68933698
2024-05-01,南海争端：记者搭乘的菲律宾海警船遭中国船只发射水炮节目全长,https://ichef.bbci.co.uk/ace/ws/660/cpsprodpb/10A95/production/_133254286_p0hv7ncc.jpg,https://www.bbc.com/zhongwen/simp/world-68934354
2024-04-30,中国给特斯拉自动驾驶“开绿灯”股价大涨,https://ichef.bbci.co.uk/ace/ws/660/cpsprodpb/10742/production/_133249376_gettyimages-1230420764.jpg,https://www.bbc.com/zhongwen/simp/business-68927139
2024-04-29,匈牙利为何欢迎中国大举投资,https://ichef.bbci.co.uk/ace/ws/660/cpsprodpb/A531/production/_133198224_chinesehungarianandeuflagsdebrecen.jpg,https://www.bbc.com/zhongwen/simp/business-68919420
2024-04-29,警方突袭哥大如何点燃席卷全美的校园抗议运动,https://ichef.bbci.co.uk/ace/ws/660/cpsprodpb/13289/production/_133237487_gettyimages-2149260201.jpg,https://www.bbc.com/zhongwen/simp/world-68918972
2024-04-29,报导加沙：既是记者也是居民，记者的双重角色挑战节目全长,https://ichef.bbci.co.uk/ace/ws/660/cpsprodpb/2BE2/production/_133243211_p0httbjh.jpg,https://www.bbc.com/zhongwen/simp/world-68919797
2024-04-27,习近平布林肯会晤“清晰地沟通分歧”俄罗斯成为交锋重点,https://ichef.bbci.co.uk/ace/ws/660/cpsprodpb/7961/production/_133237013_blinken_xi_reuters.jpg,https://www.bbc.com/zhongwen/simp/chinese-news-68910825
2024-04-26,美国大学示威潮：南加州大学宣布取消主毕业礼,https://ichef.bbci.co.uk/ace/ws/660/cpsprodpb/F4F9/production/_133231726_bda034e2e837703de2ccfc1ff0b0d26db158d87890_368_3991_22451000x563.jpg,https://www.bbc.com/zhongwen/simp/world-68903551
2024-04-26,广州电商学校里，中国卖手砸重金学习向海外直播卖货节目全长,https://ichef.bbci.co.uk/ace/ws/660/cpsprodpb/10AB0/production/_133227286_p0ht0zk9.jpg,https://www.bbc.com/zhongwen/simp/chinese-news-68897927
2024-04-25,台湾政治：一文读懂赖清德新政府的主要内阁官员,https://ichef.bbci.co.uk/ace/ws/660/cpsprodpb/C8FC/production/_133225415_lai.jpg,https://www.bbc.com/zhongwen/simp/chinese-news-68796787
2024-04-25,美国通过了禁令但让消失还有待时日,https://ichef.bbci.co.uk/ace/ws/660/cpsprodpb/6193/production/_132897942_gettyimages-1319679011.jpg,https://www.bbc.com/zhongwen/simp/world-68896266
2024-04-25,在性观念保守的韩国，大型“成人节活动”为何屡遭打压,https://ichef.bbci.co.uk/ace/ws/660/cpsprodpb/DDA5/production/_133214765_playjoker_actressesposing2023kxf1.jpg,https://www.bbc.com/zhongwen/simp/world-68888525
2024-04-25,布林肯访华：“高强度外交”下的五个关注点,https://ichef.bbci.co.uk/ace/ws/660/cpsprodpb/1518C/production/_133221468_43e9cf6676dead3e04320439fe3e46d2eb3c2c0d.jpg,https://www.bbc.com/zhongwen/simp/world-68889117
2024-04-24,中德间谍案：德国拘捕一名极右翼政党助理，被指为中国从事间谍活动,https://ichef.bbci.co.uk/ace/ws/660/cpsprodpb/FD49/production/_133214846_426f38382b8f5d8d583cd32ba92d851d58ea0e830_402_7707_43381000x563.jpg,https://www.bbc.com/zhongwen/simp/world-68880490
2024-04-23,中国到底有没有“产能过剩”？为何事关欧美？,https://ichef.bbci.co.uk/ace/ws/660/cpsprodpb/5853/production/_133211622_whatsubject.jpg,https://www.bbc.com/zhongwen/simp/business-68875964
2024-04-22,中美贸易战催生“近岸外包”：中国企业如何利用墨西哥进入美国,https://ichef.bbci.co.uk/ace/ws/660/cpsprodpb/10D66/production/_133166986_img_5858-1.png,https://www.bbc.com/zhongwen/simp/business-68873556
2024-04-18,西方称“中国制造”太多了，但中国工人并不同意,https://ichef.bbci.co.uk/ace/ws/660/cpsprodpb/11951/production/_133171027_3811aa7d-3307-4c53-8aac-df54622c4e83.jpg,https://www.bbc.com/zhongwen/simp/chinese-news-68844075
2024-04-18,“撤辣”后的香港楼市谁在买进？为何旺量不旺价？,https://ichef.bbci.co.uk/ace/ws/660/cpsprodpb/BFB4/production/_133167094_gettyimages-2047227137.jpg,https://www.bbc.com/zhongwen/simp/chinese-news-68833141
2024-04-16,德国总理肖尔茨访华晤习近平谈及新能源车竞争与俄乌局势节目全长,https://ichef.bbci.co.uk/ace/ws/660/cpsprodpb/CEAA/production/_133160925_p0hr2qxx.jpg,https://www.bbc.com/zhongwen/simp/chinese-news-68825718
2024-04-16,法国如何筹备奥运和残奥？开幕仪式还能在塞纳河上举行吗？,https://ichef.bbci.co.uk/ace/ws/660/cpsprodpb/1054F/production/_133159866_fb744375efd6d9560f8f031fbad66d168021530e.jpg,https://www.bbc.com/zhongwen/simp/sports-68823767
2024-04-15,以色列考虑如何反击伊朗：美国和盟友能否阻止全面战争爆发,https://ichef.bbci.co.uk/ace/ws/660/cpsprodpb/F8BA/production/_133147636_6ca494d8fc357144c514f14fee81bf24d6eb36990_33_4776_26871000x563.jpg,https://www.bbc.com/zhongwen/simp/world-68814919
2024-04-15,伊朗为什么要袭击以色列？,https://ichef.bbci.co.uk/ace/ws/660/cpsprodpb/46A4/production/_133148081_6597d58888d3637cf86bf3e64048f12b5fad90a90_0_2000_13341000x667.jpg,https://www.bbc.com/zhongwen/simp/world-68815815
2024-04-12,苏文强苏海金案宣判新加坡如何避免沦为富人洗钱天堂,https://ichef.bbci.co.uk/ace/ws/660/cpsprodpb/42FF/production/_131115171_gettyimages-1277716569.jpg,https://www.bbc.com/zhongwen/simp/business-68797000
2024-04-10,“习马会”北京展开：时机与地点的考量,https://ichef.bbci.co.uk/ace/ws/660/cpsprodpb/1C5D/production/_133116270_signal-2024-04-10-171145_002.jpg,https://www.bbc.com/zhongwen/simp/chinese-news-68779452
2024-04-09,耶伦访华点名三个产业“过剩”威胁美国强调并非出于反华情绪,https://ichef.bbci.co.uk/ace/ws/660/cpsprodpb/D26E/production/_133107835_whatsubject.jpg,https://www.bbc.com/zhongwen/simp/chinese-news-68768978
2024-04-08,骗钱、遭虐待、被转卖“我在缅甸网络诈骗园区的地狱般经历”,https://ichef.bbci.co.uk/ace/ws/660/cpsprodpb/4C29/production/_133079491_mediaitem133079490.jpg,https://www.bbc.com/zhongwen/simp/world-68758989
2024-04-07,台湾地震：二十年来的经验教训如何降低损失,https://ichef.bbci.co.uk/ace/ws/660/cpsprodpb/11345/production/_133096407_taiwan-index-afp.jpg,https://www.bbc.com/zhongwen/simp/chinese-news-68755115
2024-04-04,中国人口老龄化：习近平面临的人口危机正逐渐显现,https://ichef.bbci.co.uk/ace/ws/660/cpsprodpb/1709D/production/_133056349_16649c26-dc04-4699-998f-4b3cdbf25430.jpg,https://www.bbc.com/zhongwen/simp/chinese-news-68720257
2024-04-01,香港“条”的前世今生：三十年來民意与权力当局较量的五个节点,https://ichef.bbci.co.uk/ace/ws/660/cpsprodpb/114E8/production/_132988807_gettyimages-1126312683.jpg,https://www.bbc.com/zhongwen/simp/chinese-news-68634200
2024-04-01,美墨边境中国偷渡客两年爆涨倍，人命丧墨西哥海岸,https://ichef.bbci.co.uk/ace/ws/660/cpsprodpb/BF27/production/_133053984_de40.jpg,https://www.bbc.com/zhongwen/simp/world-68706937
2024-03-22,习近平的新词“新质生产力”是“新瓶装旧酒”还是新方向,https://ichef.bbci.co.uk/ace/ws/660/cpsprodpb/1035E/production/_132989366_whatsubject.jpg,https://www.bbc.com/zhongwen/simp/business-68635132
2024-03-22,《三体》：这部“无法拍摄”的中国科幻小说成网飞新剧,https://ichef.bbci.co.uk/ace/ws/660/cpsprodpb/A5C8/production/_132904424_mediaitem132904423.jpg,https://www.bbc.com/zhongwen/simp/science-68624440
2024-03-20,美国面临下架它是否对西方国家构成真正威胁？,https://ichef.bbci.co.uk/ace/ws/660/cpsprodpb/92E6/production/_132960673_tiktok-index-afp.jpg,https://www.bbc.com/zhongwen/simp/business-68603986
2024-03-20,南海争端：中国在北部湾划新基线，越南低调回应,https://ichef.bbci.co.uk/ace/ws/660/cpsprodpb/031C/production/_132969700_gettyimages-1824084432.jpg,https://www.bbc.com/zhongwen/simp/chinese-news-68604991
2024-03-11,金门渔船翻覆事件余波未了两岸海空界线默契逐步失效,https://ichef.bbci.co.uk/ace/ws/660/cpsprodpb/6D5D/production/_132879972_hi090941063.jpg,https://www.bbc.com/zhongwen/simp/chinese-news-68498614
2024-02-02,“韩风”再现台湾政坛，新立法院长韩国瑜打伞上任标榜“无法无天”,https://ichef.bbci.co.uk/ace/ws/660/cpsprodpb/8403/production/_107259733_han-afp.jpg,https://www.bbc.com/zhongwen/simp/chinese-news-68178385
2024-01-15,台湾选出了一位中国厌恶的总统，接下来会发生什么,https://ichef.bbci.co.uk/ace/ws/660/cpsprodpb/138E3/production/_132299008_gettyimages-1925090330.jpg,https://www.bbc.com/zhongwen/simp/chinese-news-67978429
2024-01-15,台湾民众如何看大选结果和未来政局？节目全长,https://ichef.bbci.co.uk/ace/ws/660/cpsprodpb/BB44/production/_132304974_p0h51f55.jpg,https://www.bbc.com/zhongwen/simp/chinese-news-67980534
2024-01-13,台湾大选赖清德获胜但民进党未获立法院多数席位，中国政府回应,https://ichef.bbci.co.uk/ace/ws/660/cpsprodpb/175BF/production/_132297659_141549-rex_shutterstock_dpp_candidate_william_lai_wins_t_14298650h.jpg,https://www.bbc.com/zhongwen/simp/live/67920158
2024-01-13,视频直播回放：决胜之夜——台湾大选开票,https://ichef.bbci.co.uk/ace/ws/660/cpsprodpb/12849/production/_132294857_051558-rex_shutterstock_taiwan_presidential_election_ne_14298235d.jpg,https://www.bbc.com/zhongwen/simp/chinese-news-67963393
2024-01-12,中国与台湾经贸发展的三大关键词：“以商促统”、“经济介选”和“降风险”,https://ichef.bbci.co.uk/ace/ws/660/cpsprodpb/3A64/production/_132284941_67955957.jpg,https://www.bbc.com/zhongwen/simp/chinese-news-67955957
2024-01-11,台湾大选：中国想要的台湾正在消失,https://ichef.bbci.co.uk/ace/ws/660/cpsprodpb/12665/production/_132256357_gettyimages-1910620866-2.jpg,https://www.bbc.com/zhongwen/simp/chinese-news-67920959
2024-01-01,被卷入政治角力的台湾宫庙和信众,https://ichef.bbci.co.uk/ace/ws/660/cpsprodpb/50B8/production/_132146602_gettyimages-918889310.jpg,https://www.bbc.com/zhongwen/simp/chinese-news-67851832
2023-12-20,从“斜杠青年”到“青贫族”，台湾大选年轻选民会如何回击低薪困境,https://ichef.bbci.co.uk/ace/ws/660/cpsprodpb/BABF/production/_132070874_gettyimages-1230809704.jpg,https://www.bbc.com/zhongwen/simp/chinese-news-67738578
